order_id,user_id,item_id,item_name,category,price
1000,u1,1,Lay's Classic Salted Chips,snacks,20
1000,u1,10,Hide & Seek Biscuits,snacks,30
1000,u1,9,Good Day Cashew Cookies,snacks,30
1001,u1,33,Maaza 250ml,drinks,20
1001,u1,87,Polo Mint (Roll),sweets,10
1001,u1,4,Haldiram's Aloo Bhujia,snacks,30
1002,u1,2,Kurkure Masala Munch,snacks,20
1002,u1,4,Haldiram's Aloo Bhujia,snacks,30
1002,u1,9,Good Day Cashew Cookies,snacks,30
1002,u1,28,Red Bull 250ml,drinks,125
1002,u1,25,Coca-Cola 250ml Can,drinks,40
1002,u1,36,Paper Boat Aam Panna,drinks,30
1003,u1,16,KitKat 4 Finger,sweets,40
1003,u1,18,Munch Chocolate,sweets,10
1003,u1,11,Oreo Original,snacks,20
1003,u1,86,Center Fresh Gum (6 pcs),sweets,10
1003,u1,45,Maggi 2-Minute Noodles,instant,14
1003,u1,6,Pringles Original (Small),snacks,99
1003,u1,17,5 Star Chocolate,sweets,20
1004,u1,6,Pringles Original (Small),snacks,99
1004,u1,99,Roasted Peanuts 200g,snacks,40
1004,u1,13,Dark Fantasy Choco Fills,snacks,40
1004,u1,4,Haldiram's Aloo Bhujia,snacks,30
1004,u1,4,Haldiram's Aloo Bhujia,snacks,30
1005,u1,28,Red Bull 250ml,drinks,125
1005,u1,52,Haldiram's Dal Makhani Ready,instant,85
1005,u1,38,Amul Processed Cheese Slice (10 pcs),dairy,110
1005,u1,23,Milkybar (Small),sweets,20
1005,u1,100,Mixed Nuts 100g,snacks,99
1006,u1,3,Bingo Mad Angles,snacks,20
1006,u1,11,Oreo Original,snacks,20
1006,u1,30,Tropicana Orange 200ml,drinks,30
1006,u1,87,Polo Mint (Roll),sweets,10
1006,u1,14,Sunfeast Mom's Magic,snacks,20
1006,u1,7,Parle-G Biscuits,snacks,10
1007,u1,2,Kurkure Masala Munch,snacks,20
1007,u1,9,Good Day Cashew Cookies,snacks,30
1007,u1,11,Oreo Original,snacks,20
1008,u1,85,Mentos Mint Roll,sweets,10
1008,u1,86,Center Fresh Gum (6 pcs),sweets,10
1008,u1,14,Sunfeast Mom's Magic,snacks,20
1009,u1,30,Tropicana Orange 200ml,drinks,30
1009,u1,14,Sunfeast Mom's Magic,snacks,20
1009,u1,14,Sunfeast Mom's Magic,snacks,20
1009,u1,8,Bourbon Biscuits,snacks,20
1009,u1,10,Hide & Seek Biscuits,snacks,30
1009,u1,90,Coconut Water 200ml,drinks,30
1010,u1,28,Red Bull 250ml,drinks,125
1010,u1,7,Parle-G Biscuits,snacks,10
1010,u1,38,Amul Processed Cheese Slice (10 pcs),dairy,110
1011,u1,19,Eclairs Toffee (10 pcs),sweets,10
1011,u1,10,Hide & Seek Biscuits,snacks,30
1011,u1,89,Lassi Pouch 200ml,drinks,20
1011,u1,34,Limca 250ml Can,drinks,40
1012,u1,34,Limca 250ml Can,drinks,40
1012,u1,84,Cadbury Perk (3 pack),sweets,30
1012,u1,48,Top Ramen Curry Noodles,instant,14
1012,u1,9,Good Day Cashew Cookies,snacks,30
1013,u1,52,Haldiram's Dal Makhani Ready,instant,85
1013,u1,15,Dairy Milk Silk (60g),sweets,99
1013,u1,3,Bingo Mad Angles,snacks,20
1014,u1,86,Center Fresh Gum (6 pcs),sweets,10
1014,u1,12,Digestive Marie Lite,snacks,30
1014,u1,31,Real Mango Juice 200ml,drinks,25
1014,u1,15,Dairy Milk Silk (60g),sweets,99
1014,u1,89,Lassi Pouch 200ml,drinks,20
1014,u1,19,Eclairs Toffee (10 pcs),sweets,10
1014,u1,10,Hide & Seek Biscuits,snacks,30
1015,u1,42,Amul Masti Dahi 200g,dairy,30
1015,u1,23,Milkybar (Small),sweets,20
1015,u1,43,Nestle Slim Milk 500ml,dairy,35
1015,u1,17,5 Star Chocolate,sweets,20
1016,u1,15,Dairy Milk Silk (60g),sweets,99
1016,u1,8,Bourbon Biscuits,snacks,20
1016,u1,100,Mixed Nuts 100g,snacks,99
1016,u1,22,Bounty Bar,sweets,50
1016,u1,4,Haldiram's Aloo Bhujia,snacks,30
1016,u1,2,Kurkure Masala Munch,snacks,20
1016,u1,4,Haldiram's Aloo Bhujia,snacks,30
1017,u1,50,MTR Poha Mix,instant,45
1017,u1,17,5 Star Chocolate,sweets,20
1017,u1,3,Bingo Mad Angles,snacks,20
1017,u1,14,Sunfeast Mom's Magic,snacks,20
1018,u1,23,Milkybar (Small),sweets,20
1018,u1,99,Roasted Peanuts 200g,snacks,40
1018,u1,85,Mentos Mint Roll,sweets,10
1018,u1,1,Lay's Classic Salted Chips,snacks,20
1018,u1,36,Paper Boat Aam Panna,drinks,30
1018,u1,33,Maaza 250ml,drinks,20
1019,u1,44,Go Cheese Spread,dairy,85
1019,u1,47,Knorr Soupy Noodles,instant,20
1019,u1,13,Dark Fantasy Choco Fills,snacks,40
1019,u1,11,Oreo Original,snacks,20
1019,u1,6,Pringles Original (Small),snacks,99
1019,u1,1,Lay's Classic Salted Chips,snacks,20
1019,u1,36,Paper Boat Aam Panna,drinks,30
1020,u1,99,Roasted Peanuts 200g,snacks,40
1020,u1,46,Yippee Noodles,instant,14
1020,u1,22,Bounty Bar,sweets,50
1020,u1,4,Haldiram's Aloo Bhujia,snacks,30
1020,u1,29,Sting Energy Drink,drinks,20
1021,u1,28,Red Bull 250ml,drinks,125
1021,u1,6,Pringles Original (Small),snacks,99
1021,u1,46,Yippee Noodles,instant,14
1021,u1,23,Milkybar (Small),sweets,20
1021,u1,48,Top Ramen Curry Noodles,instant,14
1021,u1,23,Milkybar (Small),sweets,20
1021,u1,1,Lay's Classic Salted Chips,snacks,20
1022,u1,20,Alpenliebe Lollipop,sweets,5
1022,u1,5,Too Yumm Multigrain Chips,snacks,20
1022,u1,14,Sunfeast Mom's Magic,snacks,20
1022,u1,100,Mixed Nuts 100g,snacks,99
1022,u1,52,Haldiram's Dal Makhani Ready,instant,85
1023,u1,3,Bingo Mad Angles,snacks,20
1023,u1,86,Center Fresh Gum (6 pcs),sweets,10
1023,u1,99,Roasted Peanuts 200g,snacks,40
1023,u1,4,Haldiram's Aloo Bhujia,snacks,30
1024,u1,65,Vaseline Petroleum Jelly 50ml,personal_care,80
1024,u1,100,Mixed Nuts 100g,snacks,99
1024,u1,23,Milkybar (Small),sweets,20
1024,u1,5,Too Yumm Multigrain Chips,snacks,20
1024,u1,32,Frooti 200ml,drinks,20
1024,u1,99,Roasted Peanuts 200g,snacks,40
1025,u1,10,Hide & Seek Biscuits,snacks,30
1025,u1,86,Center Fresh Gum (6 pcs),sweets,10
1025,u1,17,5 Star Chocolate,sweets,20
1025,u1,8,Bourbon Biscuits,snacks,20
1026,u1,45,Maggi 2-Minute Noodles,instant,14
1026,u1,34,Limca 250ml Can,drinks,40
1026,u1,36,Paper Boat Aam Panna,drinks,30
1026,u1,15,Dairy Milk Silk (60g),sweets,99
1026,u1,33,Maaza 250ml,drinks,20
1026,u1,14,Sunfeast Mom's Magic,snacks,20
1026,u1,88,Amul Kool Koko 200ml,drinks,25
1027,u1,5,Too Yumm Multigrain Chips,snacks,20
1027,u1,9,Good Day Cashew Cookies,snacks,30
1027,u1,13,Dark Fantasy Choco Fills,snacks,40
1027,u1,27,Sprite 250ml Can,drinks,40
1027,u1,9,Good Day Cashew Cookies,snacks,30
1027,u1,8,Bourbon Biscuits,snacks,20
1028,u1,35,Minute Maid Pulpy Orange,drinks,30
1028,u1,3,Bingo Mad Angles,snacks,20
1028,u1,3,Bingo Mad Angles,snacks,20
1029,u1,85,Mentos Mint Roll,sweets,10
1029,u1,3,Bingo Mad Angles,snacks,20
1029,u1,9,Good Day Cashew Cookies,snacks,30
1030,u1,8,Bourbon Biscuits,snacks,20
1030,u1,5,Too Yumm Multigrain Chips,snacks,20
1030,u1,90,Coconut Water 200ml,drinks,30
1030,u1,25,Coca-Cola 250ml Can,drinks,40
1030,u1,19,Eclairs Toffee (10 pcs),sweets,10
1030,u1,49,Maggi Masala Oats,instant,25
1031,u1,7,Parle-G Biscuits,snacks,10
1031,u1,4,Haldiram's Aloo Bhujia,snacks,30
1031,u1,17,5 Star Chocolate,sweets,20
1031,u1,17,5 Star Chocolate,sweets,20
1031,u1,19,Eclairs Toffee (10 pcs),sweets,10
1031,u1,38,Amul Processed Cheese Slice (10 pcs),dairy,110
1032,u1,3,Bingo Mad Angles,snacks,20
1032,u1,38,Amul Processed Cheese Slice (10 pcs),dairy,110
1032,u1,52,Haldiram's Dal Makhani Ready,instant,85
1033,u1,10,Hide & Seek Biscuits,snacks,30
1033,u1,7,Parle-G Biscuits,snacks,10
1033,u1,18,Munch Chocolate,sweets,10
1034,u1,7,Parle-G Biscuits,snacks,10
1034,u1,19,Eclairs Toffee (10 pcs),sweets,10
1034,u1,86,Center Fresh Gum (6 pcs),sweets,10
1034,u1,3,Bingo Mad Angles,snacks,20
1034,u1,53,Tata Salt 1kg,staples,28
1034,u1,85,Mentos Mint Roll,sweets,10
1035,u1,2,Kurkure Masala Munch,snacks,20
1035,u1,100,Mixed Nuts 100g,snacks,99
1035,u1,84,Cadbury Perk (3 pack),sweets,30
1036,u1,90,Coconut Water 200ml,drinks,30
1036,u1,85,Mentos Mint Roll,sweets,10
1036,u1,7,Parle-G Biscuits,snacks,10
1037,u1,20,Alpenliebe Lollipop,sweets,5
1037,u1,86,Center Fresh Gum (6 pcs),sweets,10
1037,u1,88,Amul Kool Koko 200ml,drinks,25
1037,u1,6,Pringles Original (Small),snacks,99
1037,u1,1,Lay's Classic Salted Chips,snacks,20
1037,u1,15,Dairy Milk Silk (60g),sweets,99
1038,u1,11,Oreo Original,snacks,20
1038,u1,34,Limca 250ml Can,drinks,40
1038,u1,38,Amul Processed Cheese Slice (10 pcs),dairy,110
1038,u1,49,Maggi Masala Oats,instant,25
1038,u1,32,Frooti 200ml,drinks,20
1038,u1,20,Alpenliebe Lollipop,sweets,5
1039,u1,11,Oreo Original,snacks,20
1039,u1,99,Roasted Peanuts 200g,snacks,40
1039,u1,26,Pepsi 250ml Can,drinks,40
1039,u1,24,Ferrero Rocher (3 pcs),sweets,150
1040,u1,3,Bingo Mad Angles,snacks,20
1040,u1,26,Pepsi 250ml Can,drinks,40
1040,u1,21,Dairy Milk Crackle,sweets,40
1040,u1,85,Mentos Mint Roll,sweets,10
1040,u1,6,Pringles Original (Small),snacks,99
1041,u1,3,Bingo Mad Angles,snacks,20
1041,u1,7,Parle-G Biscuits,snacks,10
1041,u1,27,Sprite 250ml Can,drinks,40
1041,u1,33,Maaza 250ml,drinks,20
1041,u1,9,Good Day Cashew Cookies,snacks,30
1041,u1,5,Too Yumm Multigrain Chips,snacks,20
1041,u1,87,Polo Mint (Roll),sweets,10
1042,u1,26,Pepsi 250ml Can,drinks,40
1042,u1,2,Kurkure Masala Munch,snacks,20
1042,u1,3,Bingo Mad Angles,snacks,20
1042,u1,32,Frooti 200ml,drinks,20
1043,u1,22,Bounty Bar,sweets,50
1043,u1,90,Coconut Water 200ml,drinks,30
1043,u1,8,Bourbon Biscuits,snacks,20
1043,u1,36,Paper Boat Aam Panna,drinks,30
1043,u1,9,Good Day Cashew Cookies,snacks,30
1043,u1,15,Dairy Milk Silk (60g),sweets,99
1043,u1,33,Maaza 250ml,drinks,20
1044,u1,19,Eclairs Toffee (10 pcs),sweets,10
1044,u1,90,Coconut Water 200ml,drinks,30
1044,u1,90,Coconut Water 200ml,drinks,30
1044,u1,1,Lay's Classic Salted Chips,snacks,20
1044,u1,29,Sting Energy Drink,drinks,20
1045,u1,100,Mixed Nuts 100g,snacks,99
1045,u1,3,Bingo Mad Angles,snacks,20
1045,u1,8,Bourbon Biscuits,snacks,20
1045,u1,10,Hide & Seek Biscuits,snacks,30
1045,u1,90,Coconut Water 200ml,drinks,30
1045,u1,87,Polo Mint (Roll),sweets,10
1045,u1,86,Center Fresh Gum (6 pcs),sweets,10
1046,u1,11,Oreo Original,snacks,20
1046,u1,17,5 Star Chocolate,sweets,20
1046,u1,24,Ferrero Rocher (3 pcs),sweets,150
1046,u1,11,Oreo Original,snacks,20
1046,u1,100,Mixed Nuts 100g,snacks,99
1047,u1,1,Lay's Classic Salted Chips,snacks,20
1047,u1,66,Nivea Lip Balm,personal_care,99
1047,u1,11,Oreo Original,snacks,20
1047,u1,32,Frooti 200ml,drinks,20
1047,u1,90,Coconut Water 200ml,drinks,30
1047,u1,5,Too Yumm Multigrain Chips,snacks,20
1047,u1,5,Too Yumm Multigrain Chips,snacks,20
1048,u1,42,Amul Masti Dahi 200g,dairy,30
1048,u1,6,Pringles Original (Small),snacks,99
1048,u1,11,Oreo Original,snacks,20
1049,u1,36,Paper Boat Aam Panna,drinks,30
1049,u1,8,Bourbon Biscuits,snacks,20
1049,u1,30,Tropicana Orange 200ml,drinks,30
1049,u1,10,Hide & Seek Biscuits,snacks,30
1050,u2,44,Go Cheese Spread,dairy,85
1050,u2,96,Lemon (4 pcs),fresh,15
1050,u2,37,Amul Butter 100g,dairy,55
1050,u2,83,Complan Chocolate 200g,beverages,140
1050,u2,94,Onion 500g,fresh,20
1050,u2,37,Amul Butter 100g,dairy,55
1051,u2,93,Tomato 500g,fresh,25
1051,u2,83,Complan Chocolate 200g,beverages,140
1051,u2,44,Go Cheese Spread,dairy,85
1051,u2,92,Apple (4 pcs),fresh,80
1051,u2,79,Tata Tea Premium 100g,beverages,60
1052,u2,79,Tata Tea Premium 100g,beverages,60
1052,u2,39,Britannia Paneer 200g,dairy,90
1052,u2,97,Coriander Bunch,fresh,10
1052,u2,91,Banana (6 pcs),fresh,30
1052,u2,40,Amul Taaza Milk 500ml,dairy,32
1052,u2,31,Real Mango Juice 200ml,drinks,25
1053,u2,80,Green Tea Tulsi (10 bags),beverages,55
1053,u2,40,Amul Taaza Milk 500ml,dairy,32
1053,u2,39,Britannia Paneer 200g,dairy,90
1053,u2,54,Aashirvaad Atta 1kg,staples,60
1053,u2,96,Lemon (4 pcs),fresh,15
1054,u2,96,Lemon (4 pcs),fresh,15
1054,u2,42,Amul Masti Dahi 200g,dairy,30
1054,u2,43,Nestle Slim Milk 500ml,dairy,35
1055,u2,56,Toor Dal 500g,staples,75
1055,u2,79,Tata Tea Premium 100g,beverages,60
1055,u2,96,Lemon (4 pcs),fresh,15
1056,u2,93,Tomato 500g,fresh,25
1056,u2,97,Coriander Bunch,fresh,10
1056,u2,43,Nestle Slim Milk 500ml,dairy,35
1056,u2,41,Mother Dairy Curd 400g,dairy,45
1056,u2,94,Onion 500g,fresh,20
1056,u2,41,Mother Dairy Curd 400g,dairy,45
1056,u2,59,Sunflower Oil 500ml,staples,80
1057,u2,92,Apple (4 pcs),fresh,80
1057,u2,55,India Gate Basmati Rice 1kg,staples,120
1057,u2,97,Coriander Bunch,fresh,10
1057,u2,94,Onion 500g,fresh,20
1058,u2,44,Go Cheese Spread,dairy,85
1058,u2,93,Tomato 500g,fresh,25
1058,u2,39,Britannia Paneer 200g,dairy,90
1058,u2,95,Potato 500g,fresh,20
1059,u2,43,Nestle Slim Milk 500ml,dairy,35
1059,u2,94,Onion 500g,fresh,20
1059,u2,65,Vaseline Petroleum Jelly 50ml,personal_care,80
1059,u2,53,Tata Salt 1kg,staples,28
1059,u2,94,Onion 500g,fresh,20
1059,u2,43,Nestle Slim Milk 500ml,dairy,35
1060,u2,87,Polo Mint (Roll),sweets,10
1060,u2,59,Sunflower Oil 500ml,staples,80
1060,u2,44,Go Cheese Spread,dairy,85
1061,u2,98,Spinach 250g,fresh,20
1061,u2,44,Go Cheese Spread,dairy,85
1061,u2,83,Complan Chocolate 200g,beverages,140
1062,u2,91,Banana (6 pcs),fresh,30
1062,u2,95,Potato 500g,fresh,20
1062,u2,55,India Gate Basmati Rice 1kg,staples,120
1062,u2,24,Ferrero Rocher (3 pcs),sweets,150
1062,u2,96,Lemon (4 pcs),fresh,15
1062,u2,44,Go Cheese Spread,dairy,85
1063,u2,98,Spinach 250g,fresh,20
1063,u2,44,Go Cheese Spread,dairy,85
1063,u2,39,Britannia Paneer 200g,dairy,90
1063,u2,61,Colgate MaxFresh Toothpaste,personal_care,79
1063,u2,92,Apple (4 pcs),fresh,80
1063,u2,54,Aashirvaad Atta 1kg,staples,60
1063,u2,81,Horlicks 200g,beverages,130
1064,u2,39,Britannia Paneer 200g,dairy,90
1064,u2,96,Lemon (4 pcs),fresh,15
1064,u2,41,Mother Dairy Curd 400g,dairy,45
1064,u2,37,Amul Butter 100g,dairy,55
1064,u2,61,Colgate MaxFresh Toothpaste,personal_care,79
1064,u2,78,Bru Instant Coffee 50g,beverages,85
1064,u2,94,Onion 500g,fresh,20
1065,u2,57,Moong Dal 500g,staples,65
1065,u2,37,Amul Butter 100g,dairy,55
1065,u2,90,Coconut Water 200ml,drinks,30
1065,u2,55,India Gate Basmati Rice 1kg,staples,120
1066,u2,89,Lassi Pouch 200ml,drinks,20
1066,u2,39,Britannia Paneer 200g,dairy,90
1066,u2,96,Lemon (4 pcs),fresh,15
1066,u2,77,Nescafe Classic Coffee 25g,beverages,70
1066,u2,91,Banana (6 pcs),fresh,30
1067,u2,59,Sunflower Oil 500ml,staples,80
1067,u2,53,Tata Salt 1kg,staples,28
1067,u2,39,Britannia Paneer 200g,dairy,90
1067,u2,60,Mustard Oil 500ml,staples,95
1067,u2,97,Coriander Bunch,fresh,10
1068,u2,82,Bournvita 200g,beverages,120
1068,u2,53,Tata Salt 1kg,staples,28
1068,u2,79,Tata Tea Premium 100g,beverages,60
1068,u2,1,Lay's Classic Salted Chips,snacks,20
1069,u2,42,Amul Masti Dahi 200g,dairy,30
1069,u2,93,Tomato 500g,fresh,25
1069,u2,81,Horlicks 200g,beverages,130
1069,u2,54,Aashirvaad Atta 1kg,staples,60
1069,u2,62,Dove Soap 100g,personal_care,45
1070,u2,77,Nescafe Classic Coffee 25g,beverages,70
1070,u2,94,Onion 500g,fresh,20
1070,u2,98,Spinach 250g,fresh,20
1070,u2,92,Apple (4 pcs),fresh,80
1071,u2,47,Knorr Soupy Noodles,instant,20
1071,u2,90,Coconut Water 200ml,drinks,30
1071,u2,82,Bournvita 200g,beverages,120
1072,u2,94,Onion 500g,fresh,20
1072,u2,93,Tomato 500g,fresh,25
1072,u2,91,Banana (6 pcs),fresh,30
1073,u2,94,Onion 500g,fresh,20
1073,u2,40,Amul Taaza Milk 500ml,dairy,32
1073,u2,37,Amul Butter 100g,dairy,55
1073,u2,98,Spinach 250g,fresh,20
1074,u2,95,Potato 500g,fresh,20
1074,u2,38,Amul Processed Cheese Slice (10 pcs),dairy,110
1074,u2,59,Sunflower Oil 500ml,staples,80
1074,u2,82,Bournvita 200g,beverages,120
1074,u2,42,Amul Masti Dahi 200g,dairy,30
1074,u2,91,Banana (6 pcs),fresh,30
1074,u2,77,Nescafe Classic Coffee 25g,beverages,70
1075,u2,40,Amul Taaza Milk 500ml,dairy,32
1075,u2,91,Banana (6 pcs),fresh,30
1075,u2,96,Lemon (4 pcs),fresh,15
1075,u2,95,Potato 500g,fresh,20
1076,u2,93,Tomato 500g,fresh,25
1076,u2,42,Amul Masti Dahi 200g,dairy,30
1076,u2,94,Onion 500g,fresh,20
1077,u2,66,Nivea Lip Balm,personal_care,99
1077,u2,79,Tata Tea Premium 100g,beverages,60
1077,u2,97,Coriander Bunch,fresh,10
1077,u2,39,Britannia Paneer 200g,dairy,90
1077,u2,40,Amul Taaza Milk 500ml,dairy,32
1077,u2,66,Nivea Lip Balm,personal_care,99
1077,u2,78,Bru Instant Coffee 50g,beverages,85
1078,u2,81,Horlicks 200g,beverages,130
1078,u2,97,Coriander Bunch,fresh,10
1078,u2,96,Lemon (4 pcs),fresh,15
1078,u2,82,Bournvita 200g,beverages,120
1078,u2,92,Apple (4 pcs),fresh,80
1078,u2,77,Nescafe Classic Coffee 25g,beverages,70
1078,u2,94,Onion 500g,fresh,20
1079,u2,63,Lifebuoy Hand Wash 200ml,personal_care,65
1079,u2,40,Amul Taaza Milk 500ml,dairy,32
1079,u2,95,Potato 500g,fresh,20
1079,u2,63,Lifebuoy Hand Wash 200ml,personal_care,65
1079,u2,93,Tomato 500g,fresh,25
1079,u2,95,Potato 500g,fresh,20
1079,u2,44,Go Cheese Spread,dairy,85
1080,u2,72,Surf Excel Easy Wash 200g,household,50
1080,u2,43,Nestle Slim Milk 500ml,dairy,35
1080,u2,62,Dove Soap 100g,personal_care,45
1080,u2,92,Apple (4 pcs),fresh,80
1080,u2,43,Nestle Slim Milk 500ml,dairy,35
1080,u2,55,India Gate Basmati Rice 1kg,staples,120
1080,u2,96,Lemon (4 pcs),fresh,15
1081,u2,40,Amul Taaza Milk 500ml,dairy,32
1081,u2,43,Nestle Slim Milk 500ml,dairy,35
1081,u2,91,Banana (6 pcs),fresh,30
1082,u2,37,Amul Butter 100g,dairy,55
1082,u2,59,Sunflower Oil 500ml,staples,80
1082,u2,79,Tata Tea Premium 100g,beverages,60
1082,u2,60,Mustard Oil 500ml,staples,95
1083,u2,95,Potato 500g,fresh,20
1083,u2,58,Chana Dal 500g,staples,55
1083,u2,93,Tomato 500g,fresh,25
1083,u2,97,Coriander Bunch,fresh,10
1084,u2,95,Potato 500g,fresh,20
1084,u2,93,Tomato 500g,fresh,25
1084,u2,58,Chana Dal 500g,staples,55
1085,u2,97,Coriander Bunch,fresh,10
1085,u2,53,Tata Salt 1kg,staples,28
1085,u2,58,Chana Dal 500g,staples,55
1086,u2,79,Tata Tea Premium 100g,beverages,60
1086,u2,92,Apple (4 pcs),fresh,80
1086,u2,94,Onion 500g,fresh,20
1086,u2,96,Lemon (4 pcs),fresh,15
1086,u2,75,Good Knight Refill,household,55
1086,u2,44,Go Cheese Spread,dairy,85
1087,u2,25,Coca-Cola 250ml Can,drinks,40
1087,u2,55,India Gate Basmati Rice 1kg,staples,120
1087,u2,91,Banana (6 pcs),fresh,30
1087,u2,59,Sunflower Oil 500ml,staples,80
1087,u2,41,Mother Dairy Curd 400g,dairy,45
1087,u2,66,Nivea Lip Balm,personal_care,99
1088,u2,98,Spinach 250g,fresh,20
1088,u2,78,Bru Instant Coffee 50g,beverages,85
1088,u2,96,Lemon (4 pcs),fresh,15
1088,u2,81,Horlicks 200g,beverages,130
1089,u2,38,Amul Processed Cheese Slice (10 pcs),dairy,110
1089,u2,60,Mustard Oil 500ml,staples,95
1089,u2,95,Potato 500g,fresh,20
1090,u2,37,Amul Butter 100g,dairy,55
1090,u2,57,Moong Dal 500g,staples,65
1090,u2,42,Amul Masti Dahi 200g,dairy,30
1090,u2,55,India Gate Basmati Rice 1kg,staples,120
1091,u2,44,Go Cheese Spread,dairy,85
1091,u2,97,Coriander Bunch,fresh,10
1091,u2,60,Mustard Oil 500ml,staples,95
1091,u2,95,Potato 500g,fresh,20
1091,u2,67,Head & Shoulders Shampoo 72ml,personal_care,99
1091,u2,93,Tomato 500g,fresh,25
1092,u2,100,Mixed Nuts 100g,snacks,99
1092,u2,56,Toor Dal 500g,staples,75
1092,u2,83,Complan Chocolate 200g,beverages,140
1093,u2,93,Tomato 500g,fresh,25
1093,u2,97,Coriander Bunch,fresh,10
1093,u2,42,Amul Masti Dahi 200g,dairy,30
1094,u2,82,Bournvita 200g,beverages,120
1094,u2,43,Nestle Slim Milk 500ml,dairy,35
1094,u2,67,Head & Shoulders Shampoo 72ml,personal_care,99
1095,u2,80,Green Tea Tulsi (10 bags),beverages,55
1095,u2,42,Amul Masti Dahi 200g,dairy,30
1095,u2,91,Banana (6 pcs),fresh,30
1096,u2,41,Mother Dairy Curd 400g,dairy,45
1096,u2,81,Horlicks 200g,beverages,130
1096,u2,93,Tomato 500g,fresh,25
1096,u2,39,Britannia Paneer 200g,dairy,90
1096,u2,94,Onion 500g,fresh,20
1097,u2,39,Britannia Paneer 200g,dairy,90
1097,u2,22,Bounty Bar,sweets,50
1097,u2,54,Aashirvaad Atta 1kg,staples,60
1097,u2,91,Banana (6 pcs),fresh,30
1097,u2,98,Spinach 250g,fresh,20
1098,u2,97,Coriander Bunch,fresh,10
1098,u2,42,Amul Masti Dahi 200g,dairy,30
1098,u2,81,Horlicks 200g,beverages,130
1098,u2,94,Onion 500g,fresh,20
1098,u2,43,Nestle Slim Milk 500ml,dairy,35
1098,u2,91,Banana (6 pcs),fresh,30
1099,u2,95,Potato 500g,fresh,20
1099,u2,81,Horlicks 200g,beverages,130
1099,u2,39,Britannia Paneer 200g,dairy,90
1099,u2,98,Spinach 250g,fresh,20
1099,u2,93,Tomato 500g,fresh,25
1100,u3,58,Chana Dal 500g,staples,55
1100,u3,69,Vim Dishwash Bar,household,28
1100,u3,38,Amul Processed Cheese Slice (10 pcs),dairy,110
1100,u3,61,Colgate MaxFresh Toothpaste,personal_care,79
1100,u3,11,Oreo Original,snacks,20
1101,u3,92,Apple (4 pcs),fresh,80
1101,u3,39,Britannia Paneer 200g,dairy,90
1101,u3,97,Coriander Bunch,fresh,10
1101,u3,60,Mustard Oil 500ml,staples,95
1101,u3,93,Tomato 500g,fresh,25
1101,u3,73,Ariel Detergent 500g,household,115
1102,u3,42,Amul Masti Dahi 200g,dairy,30
1102,u3,57,Moong Dal 500g,staples,65
1102,u3,64,Dettol Soap 75g,personal_care,35
1102,u3,60,Mustard Oil 500ml,staples,95
1102,u3,96,Lemon (4 pcs),fresh,15
1102,u3,91,Banana (6 pcs),fresh,30
1103,u3,55,India Gate Basmati Rice 1kg,staples,120
1103,u3,75,Good Knight Refill,household,55
1103,u3,48,Top Ramen Curry Noodles,instant,14
1103,u3,93,Tomato 500g,fresh,25
1103,u3,93,Tomato 500g,fresh,25
1103,u3,38,Amul Processed Cheese Slice (10 pcs),dairy,110
1104,u3,46,Yippee Noodles,instant,14
1104,u3,56,Toor Dal 500g,staples,75
1104,u3,60,Mustard Oil 500ml,staples,95
1104,u3,54,Aashirvaad Atta 1kg,staples,60
1104,u3,25,Coca-Cola 250ml Can,drinks,40
1104,u3,93,Tomato 500g,fresh,25
1105,u3,57,Moong Dal 500g,staples,65
1105,u3,53,Tata Salt 1kg,staples,28
1105,u3,47,Knorr Soupy Noodles,instant,20
1105,u3,49,Maggi Masala Oats,instant,25
1106,u3,72,Surf Excel Easy Wash 200g,household,50
1106,u3,49,Maggi Masala Oats,instant,25
1106,u3,9,Good Day Cashew Cookies,snacks,30
1106,u3,97,Coriander Bunch,fresh,10
1106,u3,38,Amul Processed Cheese Slice (10 pcs),dairy,110
1106,u3,74,Colin Glass Cleaner 250ml,household,79
1106,u3,57,Moong Dal 500g,staples,65
1107,u3,71,Lizol Floor Cleaner 500ml,household,119
1107,u3,60,Mustard Oil 500ml,staples,95
1107,u3,57,Moong Dal 500g,staples,65
1107,u3,91,Banana (6 pcs),fresh,30
1108,u3,50,MTR Poha Mix,instant,45
1108,u3,55,India Gate Basmati Rice 1kg,staples,120
1108,u3,46,Yippee Noodles,instant,14
1109,u3,54,Aashirvaad Atta 1kg,staples,60
1109,u3,58,Chana Dal 500g,staples,55
1109,u3,53,Tata Salt 1kg,staples,28
1109,u3,98,Spinach 250g,fresh,20
1109,u3,58,Chana Dal 500g,staples,55
1109,u3,53,Tata Salt 1kg,staples,28
1109,u3,56,Toor Dal 500g,staples,75
1110,u3,47,Knorr Soupy Noodles,instant,20
1110,u3,40,Amul Taaza Milk 500ml,dairy,32
1110,u3,43,Nestle Slim Milk 500ml,dairy,35
1110,u3,40,Amul Taaza Milk 500ml,dairy,32
1110,u3,58,Chana Dal 500g,staples,55
1111,u3,43,Nestle Slim Milk 500ml,dairy,35
1111,u3,76,Odonil Air Freshener,household,49
1111,u3,49,Maggi Masala Oats,instant,25
1111,u3,59,Sunflower Oil 500ml,staples,80
1112,u3,59,Sunflower Oil 500ml,staples,80
1112,u3,98,Spinach 250g,fresh,20
1112,u3,93,Tomato 500g,fresh,25
1112,u3,50,MTR Poha Mix,instant,45
1112,u3,53,Tata Salt 1kg,staples,28
1112,u3,51,Gits Gulab Jamun Mix,instant,65
1112,u3,73,Ariel Detergent 500g,household,115
1113,u3,48,Top Ramen Curry Noodles,instant,14
1113,u3,98,Spinach 250g,fresh,20
1113,u3,58,Chana Dal 500g,staples,55
1113,u3,72,Surf Excel Easy Wash 200g,household,50
1114,u3,60,Mustard Oil 500ml,staples,95
1114,u3,80,Green Tea Tulsi (10 bags),beverages,55
1114,u3,39,Britannia Paneer 200g,dairy,90
1114,u3,11,Oreo Original,snacks,20
1115,u3,56,Toor Dal 500g,staples,75
1115,u3,55,India Gate Basmati Rice 1kg,staples,120
1115,u3,43,Nestle Slim Milk 500ml,dairy,35
1115,u3,37,Amul Butter 100g,dairy,55
1115,u3,97,Coriander Bunch,fresh,10
1116,u3,40,Amul Taaza Milk 500ml,dairy,32
1116,u3,38,Amul Processed Cheese Slice (10 pcs),dairy,110
1116,u3,57,Moong Dal 500g,staples,65
1116,u3,59,Sunflower Oil 500ml,staples,80
1116,u3,71,Lizol Floor Cleaner 500ml,household,119
1116,u3,41,Mother Dairy Curd 400g,dairy,45
1117,u3,97,Coriander Bunch,fresh,10
1117,u3,38,Amul Processed Cheese Slice (10 pcs),dairy,110
1117,u3,46,Yippee Noodles,instant,14
1117,u3,58,Chana Dal 500g,staples,55
1117,u3,55,India Gate Basmati Rice 1kg,staples,120
1117,u3,59,Sunflower Oil 500ml,staples,80
1117,u3,60,Mustard Oil 500ml,staples,95
1118,u3,54,Aashirvaad Atta 1kg,staples,60
1118,u3,95,Potato 500g,fresh,20
1118,u3,50,MTR Poha Mix,instant,45
1118,u3,59,Sunflower Oil 500ml,staples,80
1118,u3,55,India Gate Basmati Rice 1kg,staples,120
1118,u3,59,Sunflower Oil 500ml,staples,80
1118,u3,37,Amul Butter 100g,dairy,55
1119,u3,97,Coriander Bunch,fresh,10
1119,u3,44,Go Cheese Spread,dairy,85
1119,u3,44,Go Cheese Spread,dairy,85
1120,u3,41,Mother Dairy Curd 400g,dairy,45
1120,u3,42,Amul Masti Dahi 200g,dairy,30
1120,u3,38,Amul Processed Cheese Slice (10 pcs),dairy,110
1121,u3,55,India Gate Basmati Rice 1kg,staples,120
1121,u3,71,Lizol Floor Cleaner 500ml,household,119
1121,u3,56,Toor Dal 500g,staples,75
1122,u3,45,Maggi 2-Minute Noodles,instant,14
1122,u3,73,Ariel Detergent 500g,household,115
1122,u3,73,Ariel Detergent 500g,household,115
1123,u3,38,Amul Processed Cheese Slice (10 pcs),dairy,110
1123,u3,45,Maggi 2-Minute Noodles,instant,14
1123,u3,48,Top Ramen Curry Noodles,instant,14
1123,u3,91,Banana (6 pcs),fresh,30
1123,u3,59,Sunflower Oil 500ml,staples,80
1123,u3,92,Apple (4 pcs),fresh,80
1124,u3,55,India Gate Basmati Rice 1kg,staples,120
1124,u3,58,Chana Dal 500g,staples,55
1124,u3,61,Colgate MaxFresh Toothpaste,personal_care,79
1124,u3,95,Potato 500g,fresh,20
1125,u3,38,Amul Processed Cheese Slice (10 pcs),dairy,110
1125,u3,42,Amul Masti Dahi 200g,dairy,30
1125,u3,51,Gits Gulab Jamun Mix,instant,65
1125,u3,77,Nescafe Classic Coffee 25g,beverages,70
1126,u3,96,Lemon (4 pcs),fresh,15
1126,u3,55,India Gate Basmati Rice 1kg,staples,120
1126,u3,56,Toor Dal 500g,staples,75
1126,u3,51,Gits Gulab Jamun Mix,instant,65
1126,u3,55,India Gate Basmati Rice 1kg,staples,120
1126,u3,48,Top Ramen Curry Noodles,instant,14
1126,u3,58,Chana Dal 500g,staples,55
1127,u3,38,Amul Processed Cheese Slice (10 pcs),dairy,110
1127,u3,35,Minute Maid Pulpy Orange,drinks,30
1127,u3,55,India Gate Basmati Rice 1kg,staples,120
1127,u3,53,Tata Salt 1kg,staples,28
1127,u3,46,Yippee Noodles,instant,14
1127,u3,39,Britannia Paneer 200g,dairy,90
1128,u3,59,Sunflower Oil 500ml,staples,80
1128,u3,18,Munch Chocolate,sweets,10
1128,u3,90,Coconut Water 200ml,drinks,30
1128,u3,92,Apple (4 pcs),fresh,80
1128,u3,59,Sunflower Oil 500ml,staples,80
1128,u3,89,Lassi Pouch 200ml,drinks,20
1128,u3,42,Amul Masti Dahi 200g,dairy,30
1129,u3,65,Vaseline Petroleum Jelly 50ml,personal_care,80
1129,u3,96,Lemon (4 pcs),fresh,15
1129,u3,43,Nestle Slim Milk 500ml,dairy,35
1129,u3,59,Sunflower Oil 500ml,staples,80
1129,u3,60,Mustard Oil 500ml,staples,95
1129,u3,57,Moong Dal 500g,staples,65
1129,u3,39,Britannia Paneer 200g,dairy,90
1130,u3,55,India Gate Basmati Rice 1kg,staples,120
1130,u3,53,Tata Salt 1kg,staples,28
1130,u3,39,Britannia Paneer 200g,dairy,90
1130,u3,42,Amul Masti Dahi 200g,dairy,30
1130,u3,55,India Gate Basmati Rice 1kg,staples,120
1131,u3,50,MTR Poha Mix,instant,45
1131,u3,97,Coriander Bunch,fresh,10
1131,u3,92,Apple (4 pcs),fresh,80
1131,u3,58,Chana Dal 500g,staples,55
1131,u3,56,Toor Dal 500g,staples,75
1131,u3,52,Haldiram's Dal Makhani Ready,instant,85
1132,u3,40,Amul Taaza Milk 500ml,dairy,32
1132,u3,91,Banana (6 pcs),fresh,30
1132,u3,94,Onion 500g,fresh,20
1132,u3,93,Tomato 500g,fresh,25
1132,u3,1,Lay's Classic Salted Chips,snacks,20
1133,u3,56,Toor Dal 500g,staples,75
1133,u3,37,Amul Butter 100g,dairy,55
1133,u3,57,Moong Dal 500g,staples,65
1133,u3,60,Mustard Oil 500ml,staples,95
1133,u3,57,Moong Dal 500g,staples,65
1133,u3,55,India Gate Basmati Rice 1kg,staples,120
1133,u3,37,Amul Butter 100g,dairy,55
1134,u3,58,Chana Dal 500g,staples,55
1134,u3,96,Lemon (4 pcs),fresh,15
1134,u3,55,India Gate Basmati Rice 1kg,staples,120
1134,u3,72,Surf Excel Easy Wash 200g,household,50
1134,u3,40,Amul Taaza Milk 500ml,dairy,32
1135,u3,92,Apple (4 pcs),fresh,80
1135,u3,73,Ariel Detergent 500g,household,115
1135,u3,52,Haldiram's Dal Makhani Ready,instant,85
1135,u3,12,Digestive Marie Lite,snacks,30
1135,u3,55,India Gate Basmati Rice 1kg,staples,120
1135,u3,44,Go Cheese Spread,dairy,85
1135,u3,93,Tomato 500g,fresh,25
1136,u3,56,Toor Dal 500g,staples,75
1136,u3,40,Amul Taaza Milk 500ml,dairy,32
1136,u3,93,Tomato 500g,fresh,25
1137,u3,96,Lemon (4 pcs),fresh,15
1137,u3,50,MTR Poha Mix,instant,45
1137,u3,73,Ariel Detergent 500g,household,115
1137,u3,55,India Gate Basmati Rice 1kg,staples,120
1137,u3,56,Toor Dal 500g,staples,75
1137,u3,56,Toor Dal 500g,staples,75
1138,u3,58,Chana Dal 500g,staples,55
1138,u3,54,Aashirvaad Atta 1kg,staples,60
1138,u3,96,Lemon (4 pcs),fresh,15
1138,u3,57,Moong Dal 500g,staples,65
1138,u3,94,Onion 500g,fresh,20
1138,u3,94,Onion 500g,fresh,20
1139,u3,91,Banana (6 pcs),fresh,30
1139,u3,94,Onion 500g,fresh,20
1139,u3,53,Tata Salt 1kg,staples,28
1139,u3,91,Banana (6 pcs),fresh,30
1139,u3,48,Top Ramen Curry Noodles,instant,14
1140,u3,49,Maggi Masala Oats,instant,25
1140,u3,51,Gits Gulab Jamun Mix,instant,65
1140,u3,59,Sunflower Oil 500ml,staples,80
1141,u3,94,Onion 500g,fresh,20
1141,u3,56,Toor Dal 500g,staples,75
1141,u3,57,Moong Dal 500g,staples,65
1141,u3,53,Tata Salt 1kg,staples,28
1141,u3,89,Lassi Pouch 200ml,drinks,20
1141,u3,54,Aashirvaad Atta 1kg,staples,60
1142,u3,94,Onion 500g,fresh,20
1142,u3,98,Spinach 250g,fresh,20
1142,u3,45,Maggi 2-Minute Noodles,instant,14
1142,u3,54,Aashirvaad Atta 1kg,staples,60
1142,u3,94,Onion 500g,fresh,20
1143,u3,37,Amul Butter 100g,dairy,55
1143,u3,76,Odonil Air Freshener,household,49
1143,u3,73,Ariel Detergent 500g,household,115
1143,u3,92,Apple (4 pcs),fresh,80
1143,u3,54,Aashirvaad Atta 1kg,staples,60
1143,u3,69,Vim Dishwash Bar,household,28
1144,u3,57,Moong Dal 500g,staples,65
1144,u3,32,Frooti 200ml,drinks,20
1144,u3,57,Moong Dal 500g,staples,65
1144,u3,59,Sunflower Oil 500ml,staples,80
1145,u3,94,Onion 500g,fresh,20
1145,u3,55,India Gate Basmati Rice 1kg,staples,120
1145,u3,58,Chana Dal 500g,staples,55
1146,u3,14,Sunfeast Mom's Magic,snacks,20
1146,u3,41,Mother Dairy Curd 400g,dairy,45
1146,u3,94,Onion 500g,fresh,20
1146,u3,98,Spinach 250g,fresh,20
1146,u3,38,Amul Processed Cheese Slice (10 pcs),dairy,110
1146,u3,91,Banana (6 pcs),fresh,30
1147,u3,53,Tata Salt 1kg,staples,28
1147,u3,72,Surf Excel Easy Wash 200g,household,50
1147,u3,63,Lifebuoy Hand Wash 200ml,personal_care,65
1147,u3,93,Tomato 500g,fresh,25
1147,u3,94,Onion 500g,fresh,20
1148,u3,54,Aashirvaad Atta 1kg,staples,60
1148,u3,52,Haldiram's Dal Makhani Ready,instant,85
1148,u3,74,Colin Glass Cleaner 250ml,household,79
1148,u3,86,Center Fresh Gum (6 pcs),sweets,10
1148,u3,94,Onion 500g,fresh,20
1148,u3,31,Real Mango Juice 200ml,drinks,25
1148,u3,38,Amul Processed Cheese Slice (10 pcs),dairy,110
1149,u3,98,Spinach 250g,fresh,20
1149,u3,76,Odonil Air Freshener,household,49
1149,u3,55,India Gate Basmati Rice 1kg,staples,120
1149,u3,39,Britannia Paneer 200g,dairy,90
1149,u3,60,Mustard Oil 500ml,staples,95
1150,u4,29,Sting Energy Drink,drinks,20
1150,u4,48,Top Ramen Curry Noodles,instant,14
1150,u4,88,Amul Kool Koko 200ml,drinks,25
1151,u4,21,Dairy Milk Crackle,sweets,40
1151,u4,3,Bingo Mad Angles,snacks,20
1151,u4,25,Coca-Cola 250ml Can,drinks,40
1152,u4,8,Bourbon Biscuits,snacks,20
1152,u4,33,Maaza 250ml,drinks,20
1152,u4,35,Minute Maid Pulpy Orange,drinks,30
1152,u4,52,Haldiram's Dal Makhani Ready,instant,85
1152,u4,9,Good Day Cashew Cookies,snacks,30
1152,u4,5,Too Yumm Multigrain Chips,snacks,20
1153,u4,45,Maggi 2-Minute Noodles,instant,14
1153,u4,13,Dark Fantasy Choco Fills,snacks,40
1153,u4,88,Amul Kool Koko 200ml,drinks,25
1153,u4,8,Bourbon Biscuits,snacks,20
1153,u4,30,Tropicana Orange 200ml,drinks,30
1153,u4,13,Dark Fantasy Choco Fills,snacks,40
1154,u4,47,Knorr Soupy Noodles,instant,20
1154,u4,88,Amul Kool Koko 200ml,drinks,25
1154,u4,30,Tropicana Orange 200ml,drinks,30
1154,u4,16,KitKat 4 Finger,sweets,40
1154,u4,34,Limca 250ml Can,drinks,40
1155,u4,29,Sting Energy Drink,drinks,20
1155,u4,23,Milkybar (Small),sweets,20
1155,u4,36,Paper Boat Aam Panna,drinks,30
1156,u4,48,Top Ramen Curry Noodles,instant,14
1156,u4,30,Tropicana Orange 200ml,drinks,30
1156,u4,18,Munch Chocolate,sweets,10
1156,u4,100,Mixed Nuts 100g,snacks,99
1156,u4,81,Horlicks 200g,beverages,130
1156,u4,6,Pringles Original (Small),snacks,99
1157,u4,36,Paper Boat Aam Panna,drinks,30
1157,u4,36,Paper Boat Aam Panna,drinks,30
1157,u4,100,Mixed Nuts 100g,snacks,99
1157,u4,17,5 Star Chocolate,sweets,20
1157,u4,99,Roasted Peanuts 200g,snacks,40
1157,u4,47,Knorr Soupy Noodles,instant,20
1158,u4,1,Lay's Classic Salted Chips,snacks,20
1158,u4,84,Cadbury Perk (3 pack),sweets,30
1158,u4,51,Gits Gulab Jamun Mix,instant,65
1158,u4,99,Roasted Peanuts 200g,snacks,40
1158,u4,88,Amul Kool Koko 200ml,drinks,25
1159,u4,72,Surf Excel Easy Wash 200g,household,50
1159,u4,88,Amul Kool Koko 200ml,drinks,25
1159,u4,51,Gits Gulab Jamun Mix,instant,65
1159,u4,12,Digestive Marie Lite,snacks,30
1159,u4,52,Haldiram's Dal Makhani Ready,instant,85
1159,u4,12,Digestive Marie Lite,snacks,30
1160,u4,45,Maggi 2-Minute Noodles,instant,14
1160,u4,47,Knorr Soupy Noodles,instant,20
1160,u4,49,Maggi Masala Oats,instant,25
1160,u4,47,Knorr Soupy Noodles,instant,20
1161,u4,46,Yippee Noodles,instant,14
1161,u4,88,Amul Kool Koko 200ml,drinks,25
1161,u4,46,Yippee Noodles,instant,14
1161,u4,19,Eclairs Toffee (10 pcs),sweets,10
1162,u4,2,Kurkure Masala Munch,snacks,20
1162,u4,25,Coca-Cola 250ml Can,drinks,40
1162,u4,7,Parle-G Biscuits,snacks,10
1162,u4,88,Amul Kool Koko 200ml,drinks,25
1162,u4,21,Dairy Milk Crackle,sweets,40
1162,u4,28,Red Bull 250ml,drinks,125
1163,u4,7,Parle-G Biscuits,snacks,10
1163,u4,34,Limca 250ml Can,drinks,40
1163,u4,99,Roasted Peanuts 200g,snacks,40
1163,u4,33,Maaza 250ml,drinks,20
1164,u4,69,Vim Dishwash Bar,household,28
1164,u4,14,Sunfeast Mom's Magic,snacks,20
1164,u4,62,Dove Soap 100g,personal_care,45
1164,u4,31,Real Mango Juice 200ml,drinks,25
1164,u4,52,Haldiram's Dal Makhani Ready,instant,85
1165,u4,52,Haldiram's Dal Makhani Ready,instant,85
1165,u4,30,Tropicana Orange 200ml,drinks,30
1165,u4,4,Haldiram's Aloo Bhujia,snacks,30
1165,u4,50,MTR Poha Mix,instant,45
1165,u4,12,Digestive Marie Lite,snacks,30
1166,u4,99,Roasted Peanuts 200g,snacks,40
1166,u4,52,Haldiram's Dal Makhani Ready,instant,85
1166,u4,25,Coca-Cola 250ml Can,drinks,40
1166,u4,52,Haldiram's Dal Makhani Ready,instant,85
1166,u4,1,Lay's Classic Salted Chips,snacks,20
1166,u4,34,Limca 250ml Can,drinks,40
1167,u4,25,Coca-Cola 250ml Can,drinks,40
1167,u4,50,MTR Poha Mix,instant,45
1167,u4,14,Sunfeast Mom's Magic,snacks,20
1167,u4,26,Pepsi 250ml Can,drinks,40
1167,u4,46,Yippee Noodles,instant,14
1167,u4,25,Coca-Cola 250ml Can,drinks,40
1168,u4,30,Tropicana Orange 200ml,drinks,30
1168,u4,45,Maggi 2-Minute Noodles,instant,14
1168,u4,90,Coconut Water 200ml,drinks,30
1168,u4,21,Dairy Milk Crackle,sweets,40
1169,u4,12,Digestive Marie Lite,snacks,30
1169,u4,4,Haldiram's Aloo Bhujia,snacks,30
1169,u4,61,Colgate MaxFresh Toothpaste,personal_care,79
1169,u4,88,Amul Kool Koko 200ml,drinks,25
1169,u4,18,Munch Chocolate,sweets,10
1169,u4,27,Sprite 250ml Can,drinks,40
1169,u4,8,Bourbon Biscuits,snacks,20
1170,u4,18,Munch Chocolate,sweets,10
1170,u4,32,Frooti 200ml,drinks,20
1170,u4,5,Too Yumm Multigrain Chips,snacks,20
1171,u4,7,Parle-G Biscuits,snacks,10
1171,u4,30,Tropicana Orange 200ml,drinks,30
1171,u4,47,Knorr Soupy Noodles,instant,20
1171,u4,50,MTR Poha Mix,instant,45
1171,u4,90,Coconut Water 200ml,drinks,30
1171,u4,28,Red Bull 250ml,drinks,125
1171,u4,50,MTR Poha Mix,instant,45
1172,u4,86,Center Fresh Gum (6 pcs),sweets,10
1172,u4,47,Knorr Soupy Noodles,instant,20
1172,u4,73,Ariel Detergent 500g,household,115
1172,u4,45,Maggi 2-Minute Noodles,instant,14
1173,u4,2,Kurkure Masala Munch,snacks,20
1173,u4,25,Coca-Cola 250ml Can,drinks,40
1173,u4,29,Sting Energy Drink,drinks,20
1173,u4,90,Coconut Water 200ml,drinks,30
1173,u4,81,Horlicks 200g,beverages,130
1174,u4,100,Mixed Nuts 100g,snacks,99
1174,u4,25,Coca-Cola 250ml Can,drinks,40
1174,u4,88,Amul Kool Koko 200ml,drinks,25
1175,u4,4,Haldiram's Aloo Bhujia,snacks,30
1175,u4,15,Dairy Milk Silk (60g),sweets,99
1175,u4,99,Roasted Peanuts 200g,snacks,40
1175,u4,90,Coconut Water 200ml,drinks,30
1175,u4,61,Colgate MaxFresh Toothpaste,personal_care,79
1176,u4,47,Knorr Soupy Noodles,instant,20
1176,u4,46,Yippee Noodles,instant,14
1176,u4,45,Maggi 2-Minute Noodles,instant,14
1177,u4,3,Bingo Mad Angles,snacks,20
1177,u4,22,Bounty Bar,sweets,50
1177,u4,100,Mixed Nuts 100g,snacks,99
1178,u4,11,Oreo Original,snacks,20
1178,u4,68,Himalaya Face Wash 50ml,personal_care,65
1178,u4,35,Minute Maid Pulpy Orange,drinks,30
1178,u4,36,Paper Boat Aam Panna,drinks,30
1178,u4,52,Haldiram's Dal Makhani Ready,instant,85
1178,u4,12,Digestive Marie Lite,snacks,30
1178,u4,51,Gits Gulab Jamun Mix,instant,65
1179,u4,1,Lay's Classic Salted Chips,snacks,20
1179,u4,82,Bournvita 200g,beverages,120
1179,u4,8,Bourbon Biscuits,snacks,20
1179,u4,7,Parle-G Biscuits,snacks,10
1179,u4,13,Dark Fantasy Choco Fills,snacks,40
1179,u4,9,Good Day Cashew Cookies,snacks,30
1179,u4,47,Knorr Soupy Noodles,instant,20
1180,u4,7,Parle-G Biscuits,snacks,10
1180,u4,25,Coca-Cola 250ml Can,drinks,40
1180,u4,51,Gits Gulab Jamun Mix,instant,65
1181,u4,21,Dairy Milk Crackle,sweets,40
1181,u4,9,Good Day Cashew Cookies,snacks,30
1181,u4,3,Bingo Mad Angles,snacks,20
1181,u4,50,MTR Poha Mix,instant,45
1181,u4,33,Maaza 250ml,drinks,20
1181,u4,50,MTR Poha Mix,instant,45
1181,u4,31,Real Mango Juice 200ml,drinks,25
1182,u4,33,Maaza 250ml,drinks,20
1182,u4,6,Pringles Original (Small),snacks,99
1182,u4,32,Frooti 200ml,drinks,20
1182,u4,90,Coconut Water 200ml,drinks,30
1182,u4,3,Bingo Mad Angles,snacks,20
1183,u4,18,Munch Chocolate,sweets,10
1183,u4,46,Yippee Noodles,instant,14
1183,u4,2,Kurkure Masala Munch,snacks,20
1183,u4,100,Mixed Nuts 100g,snacks,99
1183,u4,79,Tata Tea Premium 100g,beverages,60
1183,u4,28,Red Bull 250ml,drinks,125
1183,u4,6,Pringles Original (Small),snacks,99
1184,u4,4,Haldiram's Aloo Bhujia,snacks,30
1184,u4,5,Too Yumm Multigrain Chips,snacks,20
1184,u4,45,Maggi 2-Minute Noodles,instant,14
1184,u4,4,Haldiram's Aloo Bhujia,snacks,30
1184,u4,14,Sunfeast Mom's Magic,snacks,20
1184,u4,46,Yippee Noodles,instant,14
1185,u4,49,Maggi Masala Oats,instant,25
1185,u4,26,Pepsi 250ml Can,drinks,40
1185,u4,45,Maggi 2-Minute Noodles,instant,14
1185,u4,17,5 Star Chocolate,sweets,20
1185,u4,32,Frooti 200ml,drinks,20
1185,u4,28,Red Bull 250ml,drinks,125
1185,u4,52,Haldiram's Dal Makhani Ready,instant,85
1186,u4,81,Horlicks 200g,beverages,130
1186,u4,46,Yippee Noodles,instant,14
1186,u4,51,Gits Gulab Jamun Mix,instant,65
1187,u4,28,Red Bull 250ml,drinks,125
1187,u4,87,Polo Mint (Roll),sweets,10
1187,u4,28,Red Bull 250ml,drinks,125
1187,u4,65,Vaseline Petroleum Jelly 50ml,personal_care,80
1188,u4,28,Red Bull 250ml,drinks,125
1188,u4,5,Too Yumm Multigrain Chips,snacks,20
1188,u4,28,Red Bull 250ml,drinks,125
1188,u4,47,Knorr Soupy Noodles,instant,20
1188,u4,26,Pepsi 250ml Can,drinks,40
1188,u4,8,Bourbon Biscuits,snacks,20
1189,u4,4,Haldiram's Aloo Bhujia,snacks,30
1189,u4,71,Lizol Floor Cleaner 500ml,household,119
1189,u4,5,Too Yumm Multigrain Chips,snacks,20
1189,u4,5,Too Yumm Multigrain Chips,snacks,20
1189,u4,50,MTR Poha Mix,instant,45
1189,u4,52,Haldiram's Dal Makhani Ready,instant,85
1190,u4,4,Haldiram's Aloo Bhujia,snacks,30
1190,u4,93,Tomato 500g,fresh,25
1190,u4,35,Minute Maid Pulpy Orange,drinks,30
1190,u4,47,Knorr Soupy Noodles,instant,20
1190,u4,27,Sprite 250ml Can,drinks,40
1190,u4,85,Mentos Mint Roll,sweets,10
1190,u4,90,Coconut Water 200ml,drinks,30
1191,u4,84,Cadbury Perk (3 pack),sweets,30
1191,u4,49,Maggi Masala Oats,instant,25
1191,u4,99,Roasted Peanuts 200g,snacks,40
1191,u4,45,Maggi 2-Minute Noodles,instant,14
1191,u4,24,Ferrero Rocher (3 pcs),sweets,150
1191,u4,36,Paper Boat Aam Panna,drinks,30
1192,u4,8,Bourbon Biscuits,snacks,20
1192,u4,31,Real Mango Juice 200ml,drinks,25
1192,u4,79,Tata Tea Premium 100g,beverages,60
1192,u4,24,Ferrero Rocher (3 pcs),sweets,150
1193,u4,25,Coca-Cola 250ml Can,drinks,40
1193,u4,51,Gits Gulab Jamun Mix,instant,65
1193,u4,36,Paper Boat Aam Panna,drinks,30
1193,u4,52,Haldiram's Dal Makhani Ready,instant,85
1193,u4,79,Tata Tea Premium 100g,beverages,60
1193,u4,99,Roasted Peanuts 200g,snacks,40
1193,u4,54,Aashirvaad Atta 1kg,staples,60
1194,u4,47,Knorr Soupy Noodles,instant,20
1194,u4,35,Minute Maid Pulpy Orange,drinks,30
1194,u4,45,Maggi 2-Minute Noodles,instant,14
1194,u4,47,Knorr Soupy Noodles,instant,20
1194,u4,48,Top Ramen Curry Noodles,instant,14
1194,u4,2,Kurkure Masala Munch,snacks,20
1194,u4,14,Sunfeast Mom's Magic,snacks,20
1195,u4,89,Lassi Pouch 200ml,drinks,20
1195,u4,24,Ferrero Rocher (3 pcs),sweets,150
1195,u4,10,Hide & Seek Biscuits,snacks,30
1195,u4,8,Bourbon Biscuits,snacks,20
1195,u4,47,Knorr Soupy Noodles,instant,20
1196,u4,8,Bourbon Biscuits,snacks,20
1196,u4,46,Yippee Noodles,instant,14
1196,u4,2,Kurkure Masala Munch,snacks,20
1197,u4,11,Oreo Original,snacks,20
1197,u4,28,Red Bull 250ml,drinks,125
1197,u4,23,Milkybar (Small),sweets,20
1197,u4,25,Coca-Cola 250ml Can,drinks,40
1197,u4,49,Maggi Masala Oats,instant,25
1197,u4,51,Gits Gulab Jamun Mix,instant,65
1197,u4,35,Minute Maid Pulpy Orange,drinks,30
1198,u4,86,Center Fresh Gum (6 pcs),sweets,10
1198,u4,8,Bourbon Biscuits,snacks,20
1198,u4,50,MTR Poha Mix,instant,45
1199,u4,47,Knorr Soupy Noodles,instant,20
1199,u4,14,Sunfeast Mom's Magic,snacks,20
1199,u4,47,Knorr Soupy Noodles,instant,20
1200,u5,31,Real Mango Juice 200ml,drinks,25
1200,u5,22,Bounty Bar,sweets,50
1200,u5,15,Dairy Milk Silk (60g),sweets,99
1200,u5,26,Pepsi 250ml Can,drinks,40
1200,u5,20,Alpenliebe Lollipop,sweets,5
1200,u5,8,Bourbon Biscuits,snacks,20
1201,u5,25,Coca-Cola 250ml Can,drinks,40
1201,u5,35,Minute Maid Pulpy Orange,drinks,30
1201,u5,4,Haldiram's Aloo Bhujia,snacks,30
1201,u5,21,Dairy Milk Crackle,sweets,40
1201,u5,31,Real Mango Juice 200ml,drinks,25
1201,u5,1,Lay's Classic Salted Chips,snacks,20
1201,u5,18,Munch Chocolate,sweets,10
1202,u5,79,Tata Tea Premium 100g,beverages,60
1202,u5,79,Tata Tea Premium 100g,beverages,60
1202,u5,18,Munch Chocolate,sweets,10
1202,u5,9,Good Day Cashew Cookies,snacks,30
1203,u5,74,Colin Glass Cleaner 250ml,household,79
1203,u5,13,Dark Fantasy Choco Fills,snacks,40
1203,u5,21,Dairy Milk Crackle,sweets,40
1203,u5,38,Amul Processed Cheese Slice (10 pcs),dairy,110
1203,u5,25,Coca-Cola 250ml Can,drinks,40
1203,u5,85,Mentos Mint Roll,sweets,10
1204,u5,6,Pringles Original (Small),snacks,99
1204,u5,86,Center Fresh Gum (6 pcs),sweets,10
1204,u5,3,Bingo Mad Angles,snacks,20
1204,u5,2,Kurkure Masala Munch,snacks,20
1204,u5,88,Amul Kool Koko 200ml,drinks,25
1205,u5,30,Tropicana Orange 200ml,drinks,30
1205,u5,30,Tropicana Orange 200ml,drinks,30
1205,u5,40,Amul Taaza Milk 500ml,dairy,32
1205,u5,22,Bounty Bar,sweets,50
1205,u5,9,Good Day Cashew Cookies,snacks,30
1206,u5,91,Banana (6 pcs),fresh,30
1206,u5,13,Dark Fantasy Choco Fills,snacks,40
1206,u5,89,Lassi Pouch 200ml,drinks,20
1207,u5,85,Mentos Mint Roll,sweets,10
1207,u5,88,Amul Kool Koko 200ml,drinks,25
1207,u5,7,Parle-G Biscuits,snacks,10
1207,u5,85,Mentos Mint Roll,sweets,10
1207,u5,16,KitKat 4 Finger,sweets,40
1207,u5,30,Tropicana Orange 200ml,drinks,30
1208,u5,6,Pringles Original (Small),snacks,99
1208,u5,86,Center Fresh Gum (6 pcs),sweets,10
1208,u5,72,Surf Excel Easy Wash 200g,household,50
1208,u5,15,Dairy Milk Silk (60g),sweets,99
1208,u5,81,Horlicks 200g,beverages,130
1208,u5,6,Pringles Original (Small),snacks,99
1208,u5,33,Maaza 250ml,drinks,20
1209,u5,26,Pepsi 250ml Can,drinks,40
1209,u5,87,Polo Mint (Roll),sweets,10
1209,u5,20,Alpenliebe Lollipop,sweets,5
1209,u5,46,Yippee Noodles,instant,14
1209,u5,84,Cadbury Perk (3 pack),sweets,30
1209,u5,84,Cadbury Perk (3 pack),sweets,30
1209,u5,16,KitKat 4 Finger,sweets,40
1210,u5,16,KitKat 4 Finger,sweets,40
1210,u5,13,Dark Fantasy Choco Fills,snacks,40
1210,u5,11,Oreo Original,snacks,20
1210,u5,78,Bru Instant Coffee 50g,beverages,85
1211,u5,13,Dark Fantasy Choco Fills,snacks,40
1211,u5,80,Green Tea Tulsi (10 bags),beverages,55
1211,u5,25,Coca-Cola 250ml Can,drinks,40
1212,u5,78,Bru Instant Coffee 50g,beverages,85
1212,u5,23,Milkybar (Small),sweets,20
1212,u5,88,Amul Kool Koko 200ml,drinks,25
1212,u5,29,Sting Energy Drink,drinks,20
1212,u5,33,Maaza 250ml,drinks,20
1212,u5,32,Frooti 200ml,drinks,20
1212,u5,86,Center Fresh Gum (6 pcs),sweets,10
1213,u5,11,Oreo Original,snacks,20
1213,u5,5,Too Yumm Multigrain Chips,snacks,20
1213,u5,23,Milkybar (Small),sweets,20
1213,u5,18,Munch Chocolate,sweets,10
1213,u5,17,5 Star Chocolate,sweets,20
1214,u5,20,Alpenliebe Lollipop,sweets,5
1214,u5,6,Pringles Original (Small),snacks,99
1214,u5,24,Ferrero Rocher (3 pcs),sweets,150
1215,u5,4,Haldiram's Aloo Bhujia,snacks,30
1215,u5,85,Mentos Mint Roll,sweets,10
1215,u5,6,Pringles Original (Small),snacks,99
1216,u5,32,Frooti 200ml,drinks,20
1216,u5,26,Pepsi 250ml Can,drinks,40
1216,u5,24,Ferrero Rocher (3 pcs),sweets,150
1217,u5,90,Coconut Water 200ml,drinks,30
1217,u5,63,Lifebuoy Hand Wash 200ml,personal_care,65
1217,u5,3,Bingo Mad Angles,snacks,20
1217,u5,87,Polo Mint (Roll),sweets,10
1217,u5,29,Sting Energy Drink,drinks,20
1217,u5,14,Sunfeast Mom's Magic,snacks,20
1217,u5,31,Real Mango Juice 200ml,drinks,25
1218,u5,11,Oreo Original,snacks,20
1218,u5,5,Too Yumm Multigrain Chips,snacks,20
1218,u5,8,Bourbon Biscuits,snacks,20
1218,u5,87,Polo Mint (Roll),sweets,10
1218,u5,20,Alpenliebe Lollipop,sweets,5
1218,u5,41,Mother Dairy Curd 400g,dairy,45
1218,u5,26,Pepsi 250ml Can,drinks,40
1219,u5,3,Bingo Mad Angles,snacks,20
1219,u5,39,Britannia Paneer 200g,dairy,90
1219,u5,100,Mixed Nuts 100g,snacks,99
1219,u5,27,Sprite 250ml Can,drinks,40
1220,u5,12,Digestive Marie Lite,snacks,30
1220,u5,21,Dairy Milk Crackle,sweets,40
1220,u5,17,5 Star Chocolate,sweets,20
1220,u5,22,Bounty Bar,sweets,50
1220,u5,19,Eclairs Toffee (10 pcs),sweets,10
1220,u5,31,Real Mango Juice 200ml,drinks,25
1220,u5,82,Bournvita 200g,beverages,120
1221,u5,5,Too Yumm Multigrain Chips,snacks,20
1221,u5,7,Parle-G Biscuits,snacks,10
1221,u5,35,Minute Maid Pulpy Orange,drinks,30
1221,u5,17,5 Star Chocolate,sweets,20
1221,u5,44,Go Cheese Spread,dairy,85
1222,u5,86,Center Fresh Gum (6 pcs),sweets,10
1222,u5,19,Eclairs Toffee (10 pcs),sweets,10
1222,u5,30,Tropicana Orange 200ml,drinks,30
1222,u5,10,Hide & Seek Biscuits,snacks,30
1222,u5,20,Alpenliebe Lollipop,sweets,5
1222,u5,93,Tomato 500g,fresh,25
1222,u5,37,Amul Butter 100g,dairy,55
1223,u5,10,Hide & Seek Biscuits,snacks,30
1223,u5,40,Amul Taaza Milk 500ml,dairy,32
1223,u5,6,Pringles Original (Small),snacks,99
1223,u5,29,Sting Energy Drink,drinks,20
1223,u5,33,Maaza 250ml,drinks,20
1223,u5,19,Eclairs Toffee (10 pcs),sweets,10
1224,u5,35,Minute Maid Pulpy Orange,drinks,30
1224,u5,85,Mentos Mint Roll,sweets,10
1224,u5,62,Dove Soap 100g,personal_care,45
1224,u5,36,Paper Boat Aam Panna,drinks,30
1225,u5,7,Parle-G Biscuits,snacks,10
1225,u5,35,Minute Maid Pulpy Orange,drinks,30
1225,u5,26,Pepsi 250ml Can,drinks,40
1225,u5,2,Kurkure Masala Munch,snacks,20
1225,u5,18,Munch Chocolate,sweets,10
1225,u5,90,Coconut Water 200ml,drinks,30
1225,u5,20,Alpenliebe Lollipop,sweets,5
1226,u5,14,Sunfeast Mom's Magic,snacks,20
1226,u5,100,Mixed Nuts 100g,snacks,99
1226,u5,11,Oreo Original,snacks,20
1226,u5,18,Munch Chocolate,sweets,10
1226,u5,82,Bournvita 200g,beverages,120
1226,u5,26,Pepsi 250ml Can,drinks,40
1227,u5,85,Mentos Mint Roll,sweets,10
1227,u5,86,Center Fresh Gum (6 pcs),sweets,10
1227,u5,3,Bingo Mad Angles,snacks,20
1227,u5,19,Eclairs Toffee (10 pcs),sweets,10
1227,u5,79,Tata Tea Premium 100g,beverages,60
1227,u5,10,Hide & Seek Biscuits,snacks,30
1227,u5,21,Dairy Milk Crackle,sweets,40
1228,u5,13,Dark Fantasy Choco Fills,snacks,40
1228,u5,36,Paper Boat Aam Panna,drinks,30
1228,u5,32,Frooti 200ml,drinks,20
1228,u5,87,Polo Mint (Roll),sweets,10
1229,u5,4,Haldiram's Aloo Bhujia,snacks,30
1229,u5,20,Alpenliebe Lollipop,sweets,5
1229,u5,43,Nestle Slim Milk 500ml,dairy,35
1229,u5,96,Lemon (4 pcs),fresh,15
1229,u5,32,Frooti 200ml,drinks,20
1229,u5,77,Nescafe Classic Coffee 25g,beverages,70
1230,u5,16,KitKat 4 Finger,sweets,40
1230,u5,16,KitKat 4 Finger,sweets,40
1230,u5,90,Coconut Water 200ml,drinks,30
1230,u5,82,Bournvita 200g,beverages,120
1230,u5,87,Polo Mint (Roll),sweets,10
1230,u5,14,Sunfeast Mom's Magic,snacks,20
1231,u5,99,Roasted Peanuts 200g,snacks,40
1231,u5,24,Ferrero Rocher (3 pcs),sweets,150
1231,u5,17,5 Star Chocolate,sweets,20
1231,u5,21,Dairy Milk Crackle,sweets,40
1231,u5,27,Sprite 250ml Can,drinks,40
1231,u5,91,Banana (6 pcs),fresh,30
1231,u5,84,Cadbury Perk (3 pack),sweets,30
1232,u5,10,Hide & Seek Biscuits,snacks,30
1232,u5,16,KitKat 4 Finger,sweets,40
1232,u5,33,Maaza 250ml,drinks,20
1232,u5,86,Center Fresh Gum (6 pcs),sweets,10
1232,u5,28,Red Bull 250ml,drinks,125
1232,u5,8,Bourbon Biscuits,snacks,20
1232,u5,85,Mentos Mint Roll,sweets,10
1233,u5,18,Munch Chocolate,sweets,10
1233,u5,79,Tata Tea Premium 100g,beverages,60
1233,u5,17,5 Star Chocolate,sweets,20
1234,u5,11,Oreo Original,snacks,20
1234,u5,23,Milkybar (Small),sweets,20
1234,u5,89,Lassi Pouch 200ml,drinks,20
1234,u5,15,Dairy Milk Silk (60g),sweets,99
1234,u5,23,Milkybar (Small),sweets,20
1234,u5,20,Alpenliebe Lollipop,sweets,5
1234,u5,2,Kurkure Masala Munch,snacks,20
1235,u5,21,Dairy Milk Crackle,sweets,40
1235,u5,21,Dairy Milk Crackle,sweets,40
1235,u5,21,Dairy Milk Crackle,sweets,40
1236,u5,21,Dairy Milk Crackle,sweets,40
1236,u5,2,Kurkure Masala Munch,snacks,20
1236,u5,89,Lassi Pouch 200ml,drinks,20
1237,u5,82,Bournvita 200g,beverages,120
1237,u5,10,Hide & Seek Biscuits,snacks,30
1237,u5,18,Munch Chocolate,sweets,10
1237,u5,85,Mentos Mint Roll,sweets,10
1237,u5,36,Paper Boat Aam Panna,drinks,30
1238,u5,78,Bru Instant Coffee 50g,beverages,85
1238,u5,24,Ferrero Rocher (3 pcs),sweets,150
1238,u5,32,Frooti 200ml,drinks,20
1238,u5,87,Polo Mint (Roll),sweets,10
1239,u5,16,KitKat 4 Finger,sweets,40
1239,u5,85,Mentos Mint Roll,sweets,10
1239,u5,28,Red Bull 250ml,drinks,125
1240,u5,27,Sprite 250ml Can,drinks,40
1240,u5,8,Bourbon Biscuits,snacks,20
1240,u5,18,Munch Chocolate,sweets,10
1240,u5,18,Munch Chocolate,sweets,10
1240,u5,4,Haldiram's Aloo Bhujia,snacks,30
1240,u5,22,Bounty Bar,sweets,50
1240,u5,83,Complan Chocolate 200g,beverages,140
1241,u5,5,Too Yumm Multigrain Chips,snacks,20
1241,u5,85,Mentos Mint Roll,sweets,10
1241,u5,25,Coca-Cola 250ml Can,drinks,40
1241,u5,27,Sprite 250ml Can,drinks,40
1241,u5,33,Maaza 250ml,drinks,20
1241,u5,30,Tropicana Orange 200ml,drinks,30
1242,u5,18,Munch Chocolate,sweets,10
1242,u5,1,Lay's Classic Salted Chips,snacks,20
1242,u5,20,Alpenliebe Lollipop,sweets,5
1242,u5,29,Sting Energy Drink,drinks,20
1243,u5,35,Minute Maid Pulpy Orange,drinks,30
1243,u5,7,Parle-G Biscuits,snacks,10
1243,u5,99,Roasted Peanuts 200g,snacks,40
1243,u5,5,Too Yumm Multigrain Chips,snacks,20
1244,u5,28,Red Bull 250ml,drinks,125
1244,u5,82,Bournvita 200g,beverages,120
1244,u5,26,Pepsi 250ml Can,drinks,40
1244,u5,2,Kurkure Masala Munch,snacks,20
1244,u5,86,Center Fresh Gum (6 pcs),sweets,10
1244,u5,4,Haldiram's Aloo Bhujia,snacks,30
1244,u5,21,Dairy Milk Crackle,sweets,40
1245,u5,16,KitKat 4 Finger,sweets,40
1245,u5,2,Kurkure Masala Munch,snacks,20
1245,u5,82,Bournvita 200g,beverages,120
1245,u5,20,Alpenliebe Lollipop,sweets,5
1245,u5,54,Aashirvaad Atta 1kg,staples,60
1246,u5,80,Green Tea Tulsi (10 bags),beverages,55
1246,u5,57,Moong Dal 500g,staples,65
1246,u5,19,Eclairs Toffee (10 pcs),sweets,10
1247,u5,20,Alpenliebe Lollipop,sweets,5
1247,u5,19,Eclairs Toffee (10 pcs),sweets,10
1247,u5,33,Maaza 250ml,drinks,20
1248,u5,99,Roasted Peanuts 200g,snacks,40
1248,u5,24,Ferrero Rocher (3 pcs),sweets,150
1248,u5,13,Dark Fantasy Choco Fills,snacks,40
1248,u5,10,Hide & Seek Biscuits,snacks,30
1248,u5,42,Amul Masti Dahi 200g,dairy,30
1248,u5,89,Lassi Pouch 200ml,drinks,20
1249,u5,18,Munch Chocolate,sweets,10
1249,u5,4,Haldiram's Aloo Bhujia,snacks,30
1249,u5,15,Dairy Milk Silk (60g),sweets,99
1250,u6,58,Chana Dal 500g,staples,55
1250,u6,58,Chana Dal 500g,staples,55
1250,u6,61,Colgate MaxFresh Toothpaste,personal_care,79
1251,u6,64,Dettol Soap 75g,personal_care,35
1251,u6,32,Frooti 200ml,drinks,20
1251,u6,70,Harpic Toilet Cleaner 200ml,household,65
1251,u6,57,Moong Dal 500g,staples,65
1251,u6,76,Odonil Air Freshener,household,49
1251,u6,37,Amul Butter 100g,dairy,55
1251,u6,70,Harpic Toilet Cleaner 200ml,household,65
1252,u6,44,Go Cheese Spread,dairy,85
1252,u6,60,Mustard Oil 500ml,staples,95
1252,u6,77,Nescafe Classic Coffee 25g,beverages,70
1252,u6,72,Surf Excel Easy Wash 200g,household,50
1252,u6,82,Bournvita 200g,beverages,120
1253,u6,59,Sunflower Oil 500ml,staples,80
1253,u6,54,Aashirvaad Atta 1kg,staples,60
1253,u6,71,Lizol Floor Cleaner 500ml,household,119
1253,u6,60,Mustard Oil 500ml,staples,95
1253,u6,74,Colin Glass Cleaner 250ml,household,79
1253,u6,57,Moong Dal 500g,staples,65
1254,u6,72,Surf Excel Easy Wash 200g,household,50
1254,u6,40,Amul Taaza Milk 500ml,dairy,32
1254,u6,68,Himalaya Face Wash 50ml,personal_care,65
1255,u6,66,Nivea Lip Balm,personal_care,99
1255,u6,59,Sunflower Oil 500ml,staples,80
1255,u6,40,Amul Taaza Milk 500ml,dairy,32
1255,u6,70,Harpic Toilet Cleaner 200ml,household,65
1256,u6,63,Lifebuoy Hand Wash 200ml,personal_care,65
1256,u6,72,Surf Excel Easy Wash 200g,household,50
1256,u6,53,Tata Salt 1kg,staples,28
1256,u6,63,Lifebuoy Hand Wash 200ml,personal_care,65
1256,u6,63,Lifebuoy Hand Wash 200ml,personal_care,65
1257,u6,69,Vim Dishwash Bar,household,28
1257,u6,63,Lifebuoy Hand Wash 200ml,personal_care,65
1257,u6,69,Vim Dishwash Bar,household,28
1257,u6,74,Colin Glass Cleaner 250ml,household,79
1257,u6,38,Amul Processed Cheese Slice (10 pcs),dairy,110
1258,u6,60,Mustard Oil 500ml,staples,95
1258,u6,74,Colin Glass Cleaner 250ml,household,79
1258,u6,71,Lizol Floor Cleaner 500ml,household,119
1258,u6,95,Potato 500g,fresh,20
1258,u6,51,Gits Gulab Jamun Mix,instant,65
1258,u6,68,Himalaya Face Wash 50ml,personal_care,65
1259,u6,30,Tropicana Orange 200ml,drinks,30
1259,u6,39,Britannia Paneer 200g,dairy,90
1259,u6,73,Ariel Detergent 500g,household,115
1259,u6,60,Mustard Oil 500ml,staples,95
1259,u6,61,Colgate MaxFresh Toothpaste,personal_care,79
1259,u6,67,Head & Shoulders Shampoo 72ml,personal_care,99
1260,u6,53,Tata Salt 1kg,staples,28
1260,u6,63,Lifebuoy Hand Wash 200ml,personal_care,65
1260,u6,60,Mustard Oil 500ml,staples,95
1260,u6,63,Lifebuoy Hand Wash 200ml,personal_care,65
1260,u6,40,Amul Taaza Milk 500ml,dairy,32
1260,u6,47,Knorr Soupy Noodles,instant,20
1260,u6,60,Mustard Oil 500ml,staples,95
1261,u6,70,Harpic Toilet Cleaner 200ml,household,65
1261,u6,56,Toor Dal 500g,staples,75
1261,u6,43,Nestle Slim Milk 500ml,dairy,35
1261,u6,72,Surf Excel Easy Wash 200g,household,50
1261,u6,65,Vaseline Petroleum Jelly 50ml,personal_care,80
1262,u6,91,Banana (6 pcs),fresh,30
1262,u6,43,Nestle Slim Milk 500ml,dairy,35
1262,u6,73,Ariel Detergent 500g,household,115
1262,u6,71,Lizol Floor Cleaner 500ml,household,119
1262,u6,55,India Gate Basmati Rice 1kg,staples,120
1262,u6,69,Vim Dishwash Bar,household,28
1263,u6,54,Aashirvaad Atta 1kg,staples,60
1263,u6,45,Maggi 2-Minute Noodles,instant,14
1263,u6,39,Britannia Paneer 200g,dairy,90
1263,u6,53,Tata Salt 1kg,staples,28
1263,u6,71,Lizol Floor Cleaner 500ml,household,119
1263,u6,98,Spinach 250g,fresh,20
1264,u6,70,Harpic Toilet Cleaner 200ml,household,65
1264,u6,71,Lizol Floor Cleaner 500ml,household,119
1264,u6,66,Nivea Lip Balm,personal_care,99
1264,u6,58,Chana Dal 500g,staples,55
1264,u6,58,Chana Dal 500g,staples,55
1265,u6,71,Lizol Floor Cleaner 500ml,household,119
1265,u6,92,Apple (4 pcs),fresh,80
1265,u6,69,Vim Dishwash Bar,household,28
1265,u6,74,Colin Glass Cleaner 250ml,household,79
1266,u6,55,India Gate Basmati Rice 1kg,staples,120
1266,u6,97,Coriander Bunch,fresh,10
1266,u6,74,Colin Glass Cleaner 250ml,household,79
1266,u6,56,Toor Dal 500g,staples,75
1266,u6,65,Vaseline Petroleum Jelly 50ml,personal_care,80
1266,u6,60,Mustard Oil 500ml,staples,95
1266,u6,67,Head & Shoulders Shampoo 72ml,personal_care,99
1267,u6,74,Colin Glass Cleaner 250ml,household,79
1267,u6,67,Head & Shoulders Shampoo 72ml,personal_care,99
1267,u6,69,Vim Dishwash Bar,household,28
1267,u6,40,Amul Taaza Milk 500ml,dairy,32
1267,u6,58,Chana Dal 500g,staples,55
1267,u6,100,Mixed Nuts 100g,snacks,99
1268,u6,66,Nivea Lip Balm,personal_care,99
1268,u6,73,Ariel Detergent 500g,household,115
1268,u6,75,Good Knight Refill,household,55
1268,u6,39,Britannia Paneer 200g,dairy,90
1268,u6,96,Lemon (4 pcs),fresh,15
1268,u6,69,Vim Dishwash Bar,household,28
1269,u6,64,Dettol Soap 75g,personal_care,35
1269,u6,65,Vaseline Petroleum Jelly 50ml,personal_care,80
1269,u6,44,Go Cheese Spread,dairy,85
1269,u6,75,Good Knight Refill,household,55
1269,u6,67,Head & Shoulders Shampoo 72ml,personal_care,99
1269,u6,68,Himalaya Face Wash 50ml,personal_care,65
1270,u6,62,Dove Soap 100g,personal_care,45
1270,u6,91,Banana (6 pcs),fresh,30
1270,u6,38,Amul Processed Cheese Slice (10 pcs),dairy,110
1270,u6,44,Go Cheese Spread,dairy,85
1271,u6,58,Chana Dal 500g,staples,55
1271,u6,53,Tata Salt 1kg,staples,28
1271,u6,93,Tomato 500g,fresh,25
1271,u6,55,India Gate Basmati Rice 1kg,staples,120
1272,u6,82,Bournvita 200g,beverages,120
1272,u6,75,Good Knight Refill,household,55
1272,u6,56,Toor Dal 500g,staples,75
1272,u6,69,Vim Dishwash Bar,household,28
1272,u6,66,Nivea Lip Balm,personal_care,99
1272,u6,44,Go Cheese Spread,dairy,85
1272,u6,58,Chana Dal 500g,staples,55
1273,u6,41,Mother Dairy Curd 400g,dairy,45
1273,u6,69,Vim Dishwash Bar,household,28
1273,u6,68,Himalaya Face Wash 50ml,personal_care,65
1273,u6,68,Himalaya Face Wash 50ml,personal_care,65
1273,u6,53,Tata Salt 1kg,staples,28
1273,u6,69,Vim Dishwash Bar,household,28
1273,u6,88,Amul Kool Koko 200ml,drinks,25
1274,u6,75,Good Knight Refill,household,55
1274,u6,67,Head & Shoulders Shampoo 72ml,personal_care,99
1274,u6,75,Good Knight Refill,household,55
1274,u6,25,Coca-Cola 250ml Can,drinks,40
1274,u6,37,Amul Butter 100g,dairy,55
1275,u6,57,Moong Dal 500g,staples,65
1275,u6,55,India Gate Basmati Rice 1kg,staples,120
1275,u6,67,Head & Shoulders Shampoo 72ml,personal_care,99
1275,u6,69,Vim Dishwash Bar,household,28
1275,u6,27,Sprite 250ml Can,drinks,40
1275,u6,77,Nescafe Classic Coffee 25g,beverages,70
1275,u6,66,Nivea Lip Balm,personal_care,99
1276,u6,64,Dettol Soap 75g,personal_care,35
1276,u6,74,Colin Glass Cleaner 250ml,household,79
1276,u6,71,Lizol Floor Cleaner 500ml,household,119
1276,u6,58,Chana Dal 500g,staples,55
1276,u6,39,Britannia Paneer 200g,dairy,90
1277,u6,53,Tata Salt 1kg,staples,28
1277,u6,62,Dove Soap 100g,personal_care,45
1277,u6,64,Dettol Soap 75g,personal_care,35
1278,u6,68,Himalaya Face Wash 50ml,personal_care,65
1278,u6,58,Chana Dal 500g,staples,55
1278,u6,72,Surf Excel Easy Wash 200g,household,50
1278,u6,72,Surf Excel Easy Wash 200g,household,50
1278,u6,76,Odonil Air Freshener,household,49
1279,u6,44,Go Cheese Spread,dairy,85
1279,u6,60,Mustard Oil 500ml,staples,95
1279,u6,67,Head & Shoulders Shampoo 72ml,personal_care,99
1279,u6,59,Sunflower Oil 500ml,staples,80
1279,u6,64,Dettol Soap 75g,personal_care,35
1279,u6,57,Moong Dal 500g,staples,65
1280,u6,50,MTR Poha Mix,instant,45
1280,u6,37,Amul Butter 100g,dairy,55
1280,u6,94,Onion 500g,fresh,20
1280,u6,76,Odonil Air Freshener,household,49
1281,u6,56,Toor Dal 500g,staples,75
1281,u6,76,Odonil Air Freshener,household,49
1281,u6,53,Tata Salt 1kg,staples,28
1281,u6,59,Sunflower Oil 500ml,staples,80
1281,u6,67,Head & Shoulders Shampoo 72ml,personal_care,99
1281,u6,58,Chana Dal 500g,staples,55
1282,u6,65,Vaseline Petroleum Jelly 50ml,personal_care,80
1282,u6,65,Vaseline Petroleum Jelly 50ml,personal_care,80
1282,u6,65,Vaseline Petroleum Jelly 50ml,personal_care,80
1282,u6,58,Chana Dal 500g,staples,55
1283,u6,41,Mother Dairy Curd 400g,dairy,45
1283,u6,61,Colgate MaxFresh Toothpaste,personal_care,79
1283,u6,63,Lifebuoy Hand Wash 200ml,personal_care,65
1284,u6,55,India Gate Basmati Rice 1kg,staples,120
1284,u6,60,Mustard Oil 500ml,staples,95
1284,u6,37,Amul Butter 100g,dairy,55
1284,u6,65,Vaseline Petroleum Jelly 50ml,personal_care,80
1285,u6,57,Moong Dal 500g,staples,65
1285,u6,8,Bourbon Biscuits,snacks,20
1285,u6,42,Amul Masti Dahi 200g,dairy,30
1285,u6,44,Go Cheese Spread,dairy,85
1285,u6,57,Moong Dal 500g,staples,65
1285,u6,60,Mustard Oil 500ml,staples,95
1286,u6,60,Mustard Oil 500ml,staples,95
1286,u6,61,Colgate MaxFresh Toothpaste,personal_care,79
1286,u6,67,Head & Shoulders Shampoo 72ml,personal_care,99
1286,u6,54,Aashirvaad Atta 1kg,staples,60
1286,u6,67,Head & Shoulders Shampoo 72ml,personal_care,99
1286,u6,39,Britannia Paneer 200g,dairy,90
1287,u6,63,Lifebuoy Hand Wash 200ml,personal_care,65
1287,u6,66,Nivea Lip Balm,personal_care,99
1287,u6,75,Good Knight Refill,household,55
1287,u6,69,Vim Dishwash Bar,household,28
1287,u6,69,Vim Dishwash Bar,household,28
1287,u6,44,Go Cheese Spread,dairy,85
1287,u6,41,Mother Dairy Curd 400g,dairy,45
1288,u6,74,Colin Glass Cleaner 250ml,household,79
1288,u6,59,Sunflower Oil 500ml,staples,80
1288,u6,93,Tomato 500g,fresh,25
1288,u6,73,Ariel Detergent 500g,household,115
1288,u6,54,Aashirvaad Atta 1kg,staples,60
1289,u6,61,Colgate MaxFresh Toothpaste,personal_care,79
1289,u6,35,Minute Maid Pulpy Orange,drinks,30
1289,u6,34,Limca 250ml Can,drinks,40
1289,u6,71,Lizol Floor Cleaner 500ml,household,119
1289,u6,74,Colin Glass Cleaner 250ml,household,79
1289,u6,65,Vaseline Petroleum Jelly 50ml,personal_care,80
1289,u6,53,Tata Salt 1kg,staples,28
1290,u6,49,Maggi Masala Oats,instant,25
1290,u6,93,Tomato 500g,fresh,25
1290,u6,58,Chana Dal 500g,staples,55
1290,u6,61,Colgate MaxFresh Toothpaste,personal_care,79
1290,u6,69,Vim Dishwash Bar,household,28
1290,u6,75,Good Knight Refill,household,55
1290,u6,68,Himalaya Face Wash 50ml,personal_care,65
1291,u6,75,Good Knight Refill,household,55
1291,u6,66,Nivea Lip Balm,personal_care,99
1291,u6,71,Lizol Floor Cleaner 500ml,household,119
1291,u6,58,Chana Dal 500g,staples,55
1291,u6,74,Colin Glass Cleaner 250ml,household,79
1291,u6,60,Mustard Oil 500ml,staples,95
1291,u6,70,Harpic Toilet Cleaner 200ml,household,65
1292,u6,68,Himalaya Face Wash 50ml,personal_care,65
1292,u6,74,Colin Glass Cleaner 250ml,household,79
1292,u6,72,Surf Excel Easy Wash 200g,household,50
1292,u6,71,Lizol Floor Cleaner 500ml,household,119
1292,u6,23,Milkybar (Small),sweets,20
1292,u6,64,Dettol Soap 75g,personal_care,35
1293,u6,67,Head & Shoulders Shampoo 72ml,personal_care,99
1293,u6,72,Surf Excel Easy Wash 200g,household,50
1293,u6,68,Himalaya Face Wash 50ml,personal_care,65
1293,u6,53,Tata Salt 1kg,staples,28
1293,u6,69,Vim Dishwash Bar,household,28
1293,u6,69,Vim Dishwash Bar,household,28
1293,u6,75,Good Knight Refill,household,55
1294,u6,75,Good Knight Refill,household,55
1294,u6,56,Toor Dal 500g,staples,75
1294,u6,67,Head & Shoulders Shampoo 72ml,personal_care,99
1294,u6,71,Lizol Floor Cleaner 500ml,household,119
1295,u6,17,5 Star Chocolate,sweets,20
1295,u6,58,Chana Dal 500g,staples,55
1295,u6,53,Tata Salt 1kg,staples,28
1295,u6,71,Lizol Floor Cleaner 500ml,household,119
1296,u6,65,Vaseline Petroleum Jelly 50ml,personal_care,80
1296,u6,69,Vim Dishwash Bar,household,28
1296,u6,64,Dettol Soap 75g,personal_care,35
1296,u6,75,Good Knight Refill,household,55
1296,u6,72,Surf Excel Easy Wash 200g,household,50
1296,u6,71,Lizol Floor Cleaner 500ml,household,119
1297,u6,55,India Gate Basmati Rice 1kg,staples,120
1297,u6,59,Sunflower Oil 500ml,staples,80
1297,u6,70,Harpic Toilet Cleaner 200ml,household,65
1297,u6,66,Nivea Lip Balm,personal_care,99
1297,u6,58,Chana Dal 500g,staples,55
1297,u6,53,Tata Salt 1kg,staples,28
1297,u6,91,Banana (6 pcs),fresh,30
1298,u6,66,Nivea Lip Balm,personal_care,99
1298,u6,70,Harpic Toilet Cleaner 200ml,household,65
1298,u6,76,Odonil Air Freshener,household,49
1298,u6,71,Lizol Floor Cleaner 500ml,household,119
1298,u6,74,Colin Glass Cleaner 250ml,household,79
1299,u6,69,Vim Dishwash Bar,household,28
1299,u6,54,Aashirvaad Atta 1kg,staples,60
1299,u6,56,Toor Dal 500g,staples,75
1299,u6,67,Head & Shoulders Shampoo 72ml,personal_care,99
1299,u6,55,India Gate Basmati Rice 1kg,staples,120
